<?xml version="1.0" encoding="UTF-8" ?>
<project default="convert" name="javacard-starter">
    <property environment="env" />

    <!-- Build specific properties -->
    <property name="target.classes" location="${basedir}/target/classes" />
    <property name="target.javacard" location="${basedir}/target/javacard" />
    <property name="source.java" location="${basedir}/src/sos/passportapplet" />

    <!-- Must point to the folder containing the JAR files from the JCDK -->
    <property name="javacard.libs" location="${basedir}/lib" />

    <!-- Must point to the folder containing the JAR file from the JCDK ant task -->
    <property name="javacard.ant-task" location="${basedir}/lib" />

    <!-- Must point to the folder containing the API export files from the JCDK -->
    <property name="javacard.export" location="${env.JC_HOME}/api_export_files" />

    <property name="javacard.home" location="${env.JC_HOME}" />

    <property name="verbose" value="true" />
    <property name="noverify" value="false" />

    <!-- Path for JC tasks -->
    <path id="classpath">
        <fileset dir="${javacard.ant-task}">
            <include name="*.jar" />
        </fileset>
        <fileset dir="${javacard.libs}">
            <include name="*.jar" />
        </fileset>
    </path>

    <!-- set the export path to the Java Card export files -->
    <path id="export" description="set the export file path">
        <fileset dir="${javacard.export}">
            <include name="**/*.exp" />
        </fileset>
        <pathelement path="${javacard.export}" />
        <pathelement path="${target.classes}" />
        <pathelement path="${target.javacard}" />
    </path>

    <!-- Definitions for tasks for Java Card tools -->
    <taskdef name="apdu" classname="com.sun.javacard.ant.tasks.APDUToolTask" classpathref="classpath" />
    <taskdef name="capgen" classname="com.sun.javacard.ant.tasks.CapgenTask" classpathref="classpath" />
    <taskdef name="deploycap" classname="com.sun.javacard.ant.tasks.DeployCapTask" classpathref="classpath" />
    <taskdef name="convert" classname="com.sun.javacard.ant.tasks.ConverterTask" classpathref="classpath" />
    <taskdef name="verifyexport" classname="com.sun.javacard.ant.tasks.VerifyExpTask" classpathref="classpath" />
    <taskdef name="verifycap" classname="com.sun.javacard.ant.tasks.VerifyCapTask" classpathref="classpath" />
    <taskdef name="verifyrevision" classname="com.sun.javacard.ant.tasks.VerifyRevTask" classpathref="classpath" />
    <typedef name="appletnameaid" classname="com.sun.javacard.ant.types.AppletNameAID" classpathref="classpath" />
    <typedef name="jcainputfile" classname="com.sun.javacard.ant.types.JCAInputFile" classpathref="classpath" />
    <typedef name="scriptgen" classname="com.sun.javacard.ant.tasks.ScriptgenTask" classpathref="classpath" />

    <target name="init">
        <mkdir dir="${target.classes}" />
        <mkdir dir="${target.javacard}" />
    </target>

    <target name="clean">
        <delete dir="${target.classes}" />
        <delete dir="${target.javacard}" />
        <delete dir="${javacard.eeprom}" />
    </target>

    <target name="compile" depends="init" description="Compile source code to class files">
        <!-- Compile the java code from ${src} to ${classes} -->
        <javac debug="yes" optimize="no" srcdir="${source.java}" destdir="${target.classes}" source="1.1" target="1.1">
            <classpath refid="classpath" />
        </javac>
    </target>

    <target name="convert" depends="compile" description="Convert class files to cap files">
        <convert packagename="sos.passportapplet"
            packageaid="0xA0:0x00:0x00:0x02:0x47:0x10"
            majorminorversion="2.2" classdir="${target.classes}"
            outputdirectory="${target.classes}"
            jca="true"
            exp="true"
            cap="true"
            debug="true"
            verbose="${verbose}"
            noverify="${noverify}">
            <appletnameaid aid="0xA0:0x00:0x00:0x02:0x47:0x10:0x01" appletname="PassportApplet" />
            <exportpath refid="export" />
            <classpath refid="classpath" />
        </convert>
    </target>

    <target name="deploy" description="" depends="convert">
        <deploycap outeefile="${target.javacard}/chaining.eeprom" capfile="${target.classes}/chaining/javacard/chaining.cap" classpathref="classpath" crefexe="${javacard.home}/bin/cref" />
        <apdu ineefile="${target.javacard}/chaining.eeprom" outeefile="${target.javacard}/chaining.eeprom" classpathref="classpath" crefexe="${javacard.home}/bin/cref" />
        <!-- <scriptgen outfile="${target.javacard}/chaining.scr" capfile="${target.classes}/chaining/javacard/chaining.cap" classpathref="classpath" /> -->
    </target>

    <target name="all" depends="clean, convert" />
</project>

